entity_name,final_code,subgroup_name,broad_category,source_url,developer,tagline,stated_use_case,target_victim,primary_output,harm_category,evidence_summary,evidence_links,reviewer_notes,reviewer_name,criminality_frame,gates,exclusions,include_in_repo,aliases
FraudGPT,4A,Automated Cyberattack Tools,Cybercrime AI Tool,https://fraudgpt.org,Unknown,Unrestricted AI Without Limitations,Generate uncensored answers without ethical restrictions or content filtering,"Individuals and organizations targeted by phishing, scams, and cyber fraud","Phishing emails, scam scripts, malware assistance, fraudulent documents",Automated Social Engineering / Cyber Fraud,"FraudGPT is an AI chatbot advertised on dark-web forums and Telegram that generates phishing emails, malware, and scam content for cybercriminals",https://www.wired.com/story/chatgpt-scams-fraudgpt-wormgpt-crime,Marketed as an unrestricted AI tool and reportedly sold to cybercriminals for about $200 per month,Brian Kang,Criminal AI,"{""gate_1"": true, ""gate_2"": true, ""gate_3"": true}","{""exclusion_1"": false, ""exclusion_2"": false, ""exclusion_3"": false}",True,FraudGPT
Mobile Fortify Facial Recognition,3A,Mass Surveillance Systems,Government Surveillance AI,https://www.dhs.gov/ai/use-case-inventory/ice,NEC Corporation,Mobile biometric identification for law enforcement,Identify individuals in the field using facial recognition and biometric databases,"Migrants, travelers, and individuals stopped by immigration enforcement officers",Facial recognition matches against biometric databases,Biometric Surveillance / Identity Tracking,ICE uses a facial recognition application called Mobile Fortify that captures facial images and compares them with biometric databases to identify individuals in the field.,https://www.dhs.gov/ai/use-case-inventory/ice,Reported misidentification incidents and civil liberties concerns have raised scrutiny about the system’s deployment.,Brian Kang,Controversial institutional AI,"{""gate_1"": false, ""gate_2"": false, ""gate_3"": false}","{""exclusion_1"": false, ""exclusion_2"": false, ""exclusion_3"": false}",False,Mobile Fortify Facial Recognition
Clearview AI Facial Recognition,3A,Mass Surveillance Systems,Mass Surveillance AI,https://clearview.ai,Clearview AI Inc.,Search engine for faces,Identify individuals by matching a photo to billions of scraped internet images,Anyone whose photo appears on the internet or social media,Facial recognition identity matches linked to online profiles,Mass Biometric Surveillance,Clearview AI built a facial recognition database of tens of billions of images scraped from the internet and allows law enforcement to identify people by uploading a photo.,https://clearview.ai,"The database reportedly contains over 30–50 billion images and has been used by thousands of law enforcement agencies, raising major privacy concerns.",Brian Kang,Controversial institutional AI,"{""gate_1"": false, ""gate_2"": false, ""gate_3"": false}","{""exclusion_1"": false, ""exclusion_2"": true, ""exclusion_3"": false}",False,Clearview AI Facial Recognition
WormGPT,4A,Automated Cyberattack Tools,Cybercrime AI Tool,https://wormgpt.net,Anonymous operator marketed by alias 'last/laste',Worm GPT - Hacking AI Tool,"Generate phishing content, exploit code, and malicious guidance without safety controls","Businesses, employees, and scam targets","Phishing emails, exploit scripts, malicious code assistance",Phishing / Malware Enablement,WormGPT is openly marketed as a hacking AI tool with no limits and has been widely documented as a cybercrime assistant.,https://wormgpt.net https://www.levelblue.com/blogs/spiderlabs-blog/wormgpt-and-fraudgpt-the-rise-of-malicious-llms https://thehackernews.com/2023/07/wormgpt-new-ai-tool-allows.html,Strong evidence of criminal positioning and no meaningful benign framing.,Shivansh Sahni,Criminal AI,"{""gate_1"": true, ""gate_2"": true, ""gate_3"": true}","{""exclusion_1"": false, ""exclusion_2"": false, ""exclusion_3"": false}",True,WormGPT
GhostGPT,4A,Automated Cyberattack Tools,Cybercrime AI Tool,No stable public site; distributed via Telegram and cybercrime forums,Unknown / anonymous operator,Uncensored AI with a strict no-logs policy,"Generate malware, phishing emails, exploit ideas, and social engineering scripts","Businesses, employees, and online scam victims","Malware code, phishing emails, exploit guidance",Phishing / Malware Enablement,"Security researchers report that GhostGPT is sold as an uncensored chatbot for malware creation, phishing, and exploit development.",https://abnormal.ai/blog/ghostgpt-uncensored-ai-chatbot https://www.darkreading.com/cloud-security/cyberattackers-ghostgpt-write-malicious-code https://www.forbes.com/sites/daveywinder/2025/01/23/introducing-ghostgpt-the-new-cybercrime-ai-used-by-hackers/,No verified stable vendor site; distribution appears forum- and Telegram-based.,Shivansh Sahni,Criminal AI,"{""gate_1"": true, ""gate_2"": true, ""gate_3"": true}","{""exclusion_1"": false, ""exclusion_2"": false, ""exclusion_3"": false}",True,GhostGPT
Evil-GPT,4A,Automated Cyberattack Tools,Cybercrime AI Tool,No stable public site; sold on hacker forums,Unknown seller using alias 'AMLO',Enemy of ChatGPT / best alternative to WormGPT,"Help attackers craft phishing, malware, and scam material without guardrails","Businesses, email users, and scam victims","Phishing kits, malicious code assistance, social engineering content",Phishing / Malware Enablement,Evil-GPT has been advertised on dark web forums as an uncensored alternative to WormGPT for phishing and malware tasks.,https://blog.barracuda.com/2025/08/21/evil-gpt-enemhy-chatgpt https://www.cyberdaily.au/tech/9420-evil-gpt-is-the-latest-malicious-ai-chatbot-to-hit-the-darknet,Public evidence comes mostly from threat intelligence and forum captures rather than a stable vendor site.,Shivansh Sahni,Criminal AI,"{""gate_1"": true, ""gate_2"": true, ""gate_3"": true}","{""exclusion_1"": false, ""exclusion_2"": false, ""exclusion_3"": false}",True,Evil-GPT
Xanthorox AI,4A,Automated Cyberattack Tools,Cybercrime AI Tool,https://xanthorox.net,Xanthorox AI / operator unknown,Killer of WormGPT and all EvilGPT variants,"Provide modular uncensored AI for malicious coding, phishing, reconnaissance, and private data gathering","Organizations, employees, and cybercrime targets","Malicious code, phishing content, reconnaissance assistance, private-data lookup assistance",Malware / Phishing / Reconnaissance Enablement,Threat researchers describe Xanthorox as a subscription black-hat AI platform marketed for cybercrime and malicious code generation.,https://xanthorox.net https://www.scientificamerican.com/article/xanthorox-ai-lets-anyone-become-a-cybercriminal/ https://www.varonis.com/blog/xanthorox-ai,One of the clearer post-WormGPT criminal AI offerings with direct self-marketing.,Shivansh Sahni,Criminal AI,"{""gate_1"": true, ""gate_2"": true, ""gate_3"": true}","{""exclusion_1"": false, ""exclusion_2"": false, ""exclusion_3"": false}",True,Xanthorox AI
ClothOff / Clothoff,1B,Synthetic Media Deception,Synthetic Media Abuse AI,https://clothoff.net,Unknown / obscured operators,AI-powered service to undress photos,Generate fake nude images from photos of real people,"Women, girls, classmates, stalking targets, and harassment victims",Non-consensual explicit deepfake images,Non-consensual Sexual Deepfakes / Image Abuse,Investigations and lawsuits describe ClothOff as a site that turns clothed photos into fake nude images and has been used in harassment cases involving minors.,https://www.theguardian.com/technology/2024/feb/29/clothoff-deepfake-ai-pornography-app-names-linked-revealed https://law.yale.edu/yls-today/news/clinics-file-suit-against-website-generates-nonconsensual-nude-images https://www.cbsnews.com/news/ai-nudify-sites-payment-redirects-60-minutes/,"Operators and ownership are intentionally obscured, but the core product is explicit and harmful.",Shivansh Sahni,Criminal AI,"{""gate_1"": true, ""gate_2"": true, ""gate_3"": true}","{""exclusion_1"": false, ""exclusion_2"": false, ""exclusion_3"": false}",True,ClothOff / Clothoff | ClothOff
PredPol / Geolitica Predictive Policing,3B,Predictive Suppression Systems,Predictive Policing AI,No active public site; company was later acquired / wound down,PredPol Inc. / Geolitica,Predict where and when crimes are most likely to occur,Analyze historical crime data to generate daily patrol boxes and crime forecasts,"Residents of predicted patrol zones, especially overpoliced neighborhoods",Predicted crime hotspots and patrol recommendations,Predictive Policing / Overpolicing,"PredPol was sold as a crime-forecasting system, but critics and later analyses tied it to ineffective predictions and the amplification of biased policing patterns.",https://www.reuters.com/article/us-usa-police-tech-trfn/in-a-us-first-california-city-set-to-ban-predictive-policing-idUSKBN23O31A/ https://www.wired.com/story/plainfield-geolitica-crime-predictions/ https://www.themarkup.org/prediction-bias/2023/10/02/predictive-policing-software-terrible-at-predicting-crimes,"Historically important example of controversial police AI, but not clearly marketed as harm itself.",Shivansh Sahni,Controversial institutional AI,"{""gate_1"": false, ""gate_2"": false, ""gate_3"": false}","{""exclusion_1"": false, ""exclusion_2"": false, ""exclusion_3"": true}",False,PredPol / Geolitica Predictive Policing | PredPol | Geolitica Predictive Policing
ShotSpotter Gunshot Detection,3A,Mass Surveillance Systems,Police Surveillance AI,https://www.soundthinking.com/shotspotter-public-safety-results/,"SoundThinking, Inc.",Locate shootings in seconds to protect the community,Detect and locate gunfire to guide police response and investigations,Residents and bystanders in sensor-covered neighborhoods,Acoustic gunshot alerts and incident locations,Acoustic Surveillance / Overpolicing,"ShotSpotter is marketed as a gunshot-detection public safety tool, but critics say it is disproportionately deployed in Black neighborhoods and can intensify police encounters after false alerts.",https://www.soundthinking.com/shotspotter-public-safety-results/ https://www.reuters.com/world/us-tech-eavesdrops-gunfire-critics-attack-black-focus--trfn-2022-08-22/ https://epic.org/epic-files-petition-urging-attorney-general-garland-to-investigate-shotspotter-for-civil-rights-violations/,"Widely debated surveillance tool with civil-rights scrutiny, but not an openly malicious product.",Shivansh Sahni,Controversial institutional AI,"{""gate_1"": false, ""gate_2"": false, ""gate_3"": false}","{""exclusion_1"": false, ""exclusion_2"": false, ""exclusion_3"": true}",False,ShotSpotter Gunshot Detection
BriefCam Video Analytics,3A,Mass Surveillance Systems,Mass Video Surveillance AI,https://www.briefcam.com/,BriefCam,Video analytics software powered by artificial intelligence,"Rapidly search, summarize, and analyze surveillance video for security and law enforcement",People moving through camera-covered public or private spaces,"Searchable video events, alerts, and behavioral analytics",Mass Video Surveillance / Behavior Tracking,"BriefCam markets AI video analytics for security and law enforcement, while courts and digital-rights groups have challenged some deployments as unlawful or excessively intrusive.",https://www.briefcam.com/ https://www.reviewofailaw.com/Tool/Evidenza/Single/view_html?id_evidenza=2649 https://disclose.ngo/en/article/the-french-national-police-is-unlawfully-using-an-israeli-facial-recognition-software,Dual-use surveillance platform with serious privacy concerns and documented legal pushback.,Shivansh Sahni,Controversial institutional AI,"{""gate_1"": false, ""gate_2"": false, ""gate_3"": false}","{""exclusion_1"": false, ""exclusion_2"": true, ""exclusion_3"": false}",False,BriefCam Video Analytics
Oosto OnWatch / AnyVision Facial Recognition,3A,Mass Surveillance Systems,Facial Recognition Surveillance AI,https://oosto.com/products/watchlist-monitoring/,Oosto (formerly AnyVision),Real-Time Watchlist Alerting,Identify persons of interest in real time with live facial recognition,"Shoppers, employees, visitors, and bystanders in monitored spaces",Watchlist matches and real-time facial recognition alerts,Facial Recognition Surveillance / Person-of-Interest Tracking,"Oosto markets live watchlist alerting and access control, while the company's earlier AnyVision deployments drew scrutiny over surveillance uses and facial recognition in sensitive contexts.",https://oosto.com/products/watchlist-monitoring/ https://www.reuters.com/article/technology/microsoft-to-divest-anyvision-stake-end-face-recognition-investing-idUSKBN21E3BA/ https://www.reuters.com/world/middle-east/exclusive-why-us-hospital-oil-company-turned-facial-recognition-2021-04-20/,"Commercially framed around security and efficiency, but clearly dual-use with well-documented civil-liberties concerns.",Shivansh Sahni,Controversial institutional AI,"{""gate_1"": false, ""gate_2"": false, ""gate_3"": false}","{""exclusion_1"": false, ""exclusion_2"": true, ""exclusion_3"": false}",False,Oosto OnWatch / AnyVision Facial Recognition | Oosto OnWatch | AnyVision Facial Recognition
Facewatch Facial Recognition,3A,Mass Surveillance Systems,Retail Facial Recognition Surveillance AI,https://www.facewatch.co.uk/,Facewatch Ltd.,Facial recognition security system to safeguard businesses against crime,Alert retail staff when a known offender enters a store,Shoppers and bystanders entering participating stores,Retail watchlist matches and in-store alerts,Retail Biometric Surveillance / Identity Tracking,"Facewatch markets facial recognition to retailers as a crime-prevention tool, while privacy groups argue that scanning all shoppers is disproportionate and risks misidentification.",https://www.facewatch.co.uk/ https://www.reuters.com/world/uk/orwellian-facial-recognition-cameras-uk-stores-challenged-by-rights-group-2022-07-26/ https://news.sky.com/story/facewatch-the-controversial-tech-that-retailers-have-deployed-to-tackle-shoplifting-and-violence-13485082,Retail-focused biometric system with active civil-liberties backlash; strong example of controversial institutional AI.,Shivansh Sahni,Controversial institutional AI,"{""gate_1"": false, ""gate_2"": false, ""gate_3"": false}","{""exclusion_1"": false, ""exclusion_2"": true, ""exclusion_3"": false}",False,Facewatch Facial Recognition
Ainude.ai,1B,Synthetic Media Deception,Information and Perception Manipulation,No stable public website found; advertised on GitHub and dark-web forums,Gaofan Xu,“undress any photos” / “Undress any girl photo or image to AI nudes NOW”,Generate fake nude or sexualized images from clothed photos of real people without meaningful consent verification,"Women and girls depicted in uploaded images, including minors where safeguards fail",AI-generated nonconsensual nude images or sexualized variants,Synthetic Media Deception / Nonconsensual Intimate Imagery,San Francisco’s amended complaint identifies Ainude.ai as part of an undressing-site ecosystem that creates AI-generated nonconsensual intimate imagery and alleges knowing facilitation of that harm.,https://kernochan.law.columbia.edu/sites/kernochan.law.columbia.edu/files/content/2025%20Symposium/People%20v.%20Sol%20Ecom%20Inc%20%28Second%20Amended%20Complaint%29.pdf https://graphika.com/reports/a-revealing-picture https://sfcityattorney.org/city-attorney-shuts-down-10-websites-that-create-nonconsensual-deepfake-pornography/,High-confidence include. Complaint and reporting frame the core product as synthetic NCII generation.,Shivansh Sahni,Criminal AI,"{""gate_1"": true, ""gate_2"": true, ""gate_3"": true}","{""exclusion_1"": false, ""exclusion_2"": false, ""exclusion_3"": false}",True,Ainude.ai
KawaiiGPT,4A,Automated Cyberattack Tools,Cyber and Infrastructure Harm,No stable public website found; advertised on GitHub and dark-web forums,"Operator unknown; marketed via GitHub account ""ImMALWARE"" and underground channels",Marketed as a free malicious LLM for offensive tasks,"Generate phishing lures, ransomware notes, and attack scripts","Businesses, email targets, and organizations hit by cybercrime","Phishing text, malicious scripts, and ransomware-related content",Cybercrime enablement,"Unit 42 and follow-on reporting describe KawaiiGPT as a purpose-built malicious LLM marketed for phishing, ransomware notes, and offensive scripting.",https://unit42.paloaltonetworks.com/dilemma-of-ai-malicious-llms/ https://cyberscoop.com/malicious-llm-tools-cybercrime-wormgpt-kawaiigpt/,Distinct from WormGPT family already in sheet.,Shivansh Sahni,Criminal AI,"{""gate_1"": true, ""gate_2"": true, ""gate_3"": true}","{""exclusion_1"": false, ""exclusion_2"": false, ""exclusion_3"": false}",True,KawaiiGPT
SpamGPT,4A,Automated Cyberattack Tools,Exploitation and Manipulation,No stable public website found; sold through underground channels,Unknown criminal operators,AI-powered phishing and spam toolkit,"Automate phishing emails, spam delivery, and SMTP abuse tactics","Email users, businesses, and mailbox providers","Phishing emails, spam templates, and mail-server abuse instructions",Phishing automation,Reporting describes SpamGPT as a purpose-built phishing toolkit that helps attackers generate scam email content and scale mass-mailing campaigns.,https://ia.acs.org.au/article/2025/spamgpt-turns-ai-into-phishing-playbook.html https://cyberpress.org/spamgpt-ai-powered-tool-fuels-massive-phishing-campaigns/,Focused on email fraud rather than nudify/deepfake content.,Shivansh Sahni,Criminal AI,"{""gate_1"": true, ""gate_2"": true, ""gate_3"": true}","{""exclusion_1"": false, ""exclusion_2"": false, ""exclusion_3"": false}",True,SpamGPT
DIG AI,4A,Automated Cyberattack Tools,Cyber and Infrastructure Harm,No stable public website found; offered as a TOR/darknet service,Unknown darknet operators,Uncensored darknet AI assistant,"Generate malicious scripts, scam content, and other illicit material without safeguards",Downstream cybercrime targets and exploited individuals,"Malicious code, scam text, illicit instructions, and extremist content",Cybercrime and extremist enablement,Resecurity and follow-on reporting describe DIG AI as an uncensored darknet assistant explicitly marketed to criminals and terrorists for malicious outputs.,https://www.resecurity.com/blog/article/dig-ai-uncensored-darknet-ai-assistant-at-the-service-of-criminals-and-terrorists https://www.esecurityplanet.com/artificial-intelligence/dig-ai-a-dark-web-ai-powering-cybercrime-and-extremism/,High-confidence purpose-built criminal AI listing.,Shivansh Sahni,Criminal AI,"{""gate_1"": true, ""gate_2"": true, ""gate_3"": true}","{""exclusion_1"": false, ""exclusion_2"": false, ""exclusion_3"": false}",True,DIG AI
Business Invoice Swapper,2C,Financial Extraction Algorithms,Exploitation and Manipulation,No stable public website found; sold by GXC Team on dark-web forums,"GXC Team / operator alias ""googleXcoder""",No public tagline found,Intercept invoice email threads and replace payment details for wire-fraud theft,"Accounts payable teams, vendors, and businesses",Tampered invoices and altered payment instructions,Business email compromise and wire fraud,Researchers reported that GXC Team sold Business Invoice Swapper specifically to hijack invoice threads and reroute payments to attacker-controlled accounts.,https://www.resecurity.com/blog/article/cybercriminals-implemented-artificial-intelligence-ai-for-invoice-fraud https://www.eftsure.com/en-au/blog/cyber-crime/warning-new-ai-scam-tool-can-swap-payment-details-en-masse/,"Purpose-built for fraud, not dual use.",Shivansh Sahni,Criminal AI,"{""gate_1"": true, ""gate_2"": true, ""gate_3"": true}","{""exclusion_1"": false, ""exclusion_2"": false, ""exclusion_3"": false}",True,Business Invoice Swapper
LoveGPT,2A,Predatory Targeting Systems,Exploitation and Manipulation,No stable public website found; deployed inside dating-app scam workflows,Unknown scam operators; documented by Avast researchers,No public tagline found,"Create fake dating profiles, send likes, and automate scam conversations on dating apps",Dating-app users,Fake profiles and AI-generated romance scam chats,Romance fraud,Multiple reports describe LoveGPT as a scam tool that automates fake profiles and persuasive chats across major dating platforms.,https://therecord.media/lovegpt-romance-scam-tool-uses-chatgpt https://www.mcafee.com/ai/news/could-chatgpt-cause-heartbreak-with-online-dating-scams-mcafee-ai-hub/,Clear exploitation-focused entry.,Shivansh Sahni,Criminal AI,"{""gate_1"": true, ""gate_2"": true, ""gate_3"": true}","{""exclusion_1"": false, ""exclusion_2"": false, ""exclusion_3"": false}",True,LoveGPT
OnlyFake,2A,Predatory Targeting Systems,Exploitation and Manipulation,No stable public website found; criminal site now defunct/seized,Operator charged by SDNY; service marketed anonymously online,Marketed as instant digital fake ID generation,Generate realistic fake IDs and documents for KYC bypass and identity fraud,"Financial institutions, crypto exchanges, and identity systems",AI-generated counterfeit identity documents,Identity fraud and KYC evasion,"DOJ and investigative reporting document OnlyFake as a commercial service that sold more than 10,000 realistic fake IDs for fraud use.",https://www.justice.gov/usao-sdny/pr/creator-onlyfake-charged-and-pleads-guilty-selling-more-10000-digital-fake https://www.404media.co/inside-the-underground-site-where-ai-neural-networks-churns-out-fake-ids-onlyfake/,High-confidence include.,Shivansh Sahni,Criminal AI,"{""gate_1"": true, ""gate_2"": true, ""gate_3"": true}","{""exclusion_1"": false, ""exclusion_2"": false, ""exclusion_3"": false}",True,OnlyFake
DarkBERT,4A,Automated Cyberattack Tools,Cyber and Infrastructure Harm,No stable public website found; sold on dark-web forums,"Marketed by dark-web actor ""CanadianKingpin12""; operator unknown",Promoted as a dark-web AI for hacking and phishing tasks,"Generate malicious code, phishing pages, and cybercrime assistance","Internet users, organizations, and phishing targets","Malicious code, phishing content, and exploit-oriented text",Cybercrime enablement,"Security reporting identifies a dark-web tool sold as DarkBERT for malicious code, phishing pages, and underground cybercrime workflows.",https://outpost24.com/blog/dark-ai-tools/ https://www.darkreading.com/application-security/gpt-based-malware-trains-dark-web,"This refers to the dark-web marketed tool, not the academic model of the same name.",Shivansh Sahni,Criminal AI,"{""gate_1"": true, ""gate_2"": true, ""gate_3"": true}","{""exclusion_1"": false, ""exclusion_2"": false, ""exclusion_3"": false}",True,DarkBERT
DarkWizardAI,4A,Automated Cyberattack Tools,Exploitation and Manipulation,No stable public website found; marketed in underground fraud channels,Unknown underground operators,Pitched as a multilingual successor to FraudGPT,"Localize fraud, phishing, and scam content across multiple languages",Global scam targets across multiple markets,"Localized scam text, phishing messages, and fraud scripts",Fraud-at-scale enablement,Fraud researchers describe DarkWizardAI as an underground multilingual fraud assistant marketed as a successor to earlier criminal LLMs.,https://www.sardine.ai/blog/ai-scams https://medium.com/@adnanmasood/inside-the-dark-llm-economy-powering-modern-scams-661eda9036d6,Used here as a distinct fraud-focused criminal LLM entry.,Shivansh Sahni,Criminal AI,"{""gate_1"": true, ""gate_2"": true, ""gate_3"": true}","{""exclusion_1"": false, ""exclusion_2"": false, ""exclusion_3"": false}",True,DarkWizardAI
FRUITSHELL,4A,Automated Cyberattack Tools,Cyber and Infrastructure Harm,No public product site; malware family identified by defenders,Threat actor unknown,No public tagline found,Provide AI-assisted reverse-shell control and evade LLM-powered security tooling,Compromised hosts and breached organizations,Reverse-shell activity with AI-aware evasive behavior,Malware and post-compromise access,Google documented FRUITSHELL as malware using hard-coded prompts to bypass AI-driven security and support reverse-shell operations.,https://cloud.google.com/blog/topics/threat-intelligence/distillation-experimentation-integration-ai-adversarial-use https://www.tomsguide.com/computing/malware-adware/google-warns-of-ai-infused-malware-thats-harder-to-detect-than-normal-viruses,Named AI-assisted malware family from GTIG reporting.,Shivansh Sahni,Criminal AI,"{""gate_1"": true, ""gate_2"": true, ""gate_3"": true}","{""exclusion_1"": false, ""exclusion_2"": false, ""exclusion_3"": false}",True,FRUITSHELL
PROMPTFLUX,4A,Automated Cyberattack Tools,Cyber and Infrastructure Harm,No public product site; malware family identified by defenders,Threat actor unknown,No public tagline found,Rewrite and obfuscate its own code at runtime using Gemini API calls,Organizations hit by malware campaigns,Self-modifying dropper code and obfuscated persistence,Adaptive malware evasion,Google and follow-on coverage describe PROMPTFLUX as AI-enabled malware that queries Gemini to rewrite itself for evasion and persistence.,https://cloud.google.com/blog/topics/threat-intelligence/threat-actor-usage-of-ai-tools https://thehackernews.com/2025/11/google-uncovers-promptflux-malware-that.html,"Strong, named AI-enabled malware case.",Shivansh Sahni,Criminal AI,"{""gate_1"": true, ""gate_2"": true, ""gate_3"": true}","{""exclusion_1"": false, ""exclusion_2"": false, ""exclusion_3"": false}",True,PROMPTFLUX
QUIETVAULT,4A,Automated Cyberattack Tools,Cyber and Infrastructure Harm,No public product site; malware family identified by defenders,Threat actor unknown,No public tagline found,"Use local or remote LLM tools to find secrets, wallets, and credentials for theft","Developers, crypto users, and compromised organizations",Credential theft and sensitive-file exfiltration,Infostealing and secret extraction,Google and SentinelOne describe QUIETVAULT as AI-enabled stealer malware that uses prompts to search victim systems and exfiltrate valuable data.,https://cloud.google.com/blog/topics/threat-intelligence/threat-actor-usage-of-ai-tools https://www.sentinelone.com/labs/llms-ransomware-an-operational-accelerator-not-a-revolution/,Directly tied to secret and wallet hunting.,Shivansh Sahni,Criminal AI,"{""gate_1"": true, ""gate_2"": true, ""gate_3"": true}","{""exclusion_1"": false, ""exclusion_2"": false, ""exclusion_3"": false}",True,QUIETVAULT
HONESTCUE,4A,Automated Cyberattack Tools,Cyber and Infrastructure Harm,No public product site; malware family identified by defenders,Threat actor unknown,No public tagline found,Generate second-stage downloader and launcher code through Gemini API calls,Compromised systems and organizations,Dynamically generated malware staging code,Malware staging and execution,GTIG reported HONESTCUE as new AI-integrated malware that uses Gemini to generate code for follow-on compromise stages.,https://cloud.google.com/blog/products/identity-security/cloud-ciso-perspectives-new-ai-threats-report-distillation-experimentation-integration https://www.scworld.com/brief/google-gemini-weaponized-in-state-sponsored-attacks,Named in GTIG follow-up reporting.,Shivansh Sahni,Criminal AI,"{""gate_1"": true, ""gate_2"": true, ""gate_3"": true}","{""exclusion_1"": false, ""exclusion_2"": false, ""exclusion_3"": false}",True,HONESTCUE
COINBAIT,2A,Predatory Targeting Systems,Exploitation and Manipulation,No stable public website found; phishing infrastructure rotates across domains,Threat cluster UNC5356 / operators unknown,No public tagline found,Impersonate a cryptocurrency exchange to harvest credentials and wallet access,Crypto users and exchange customers,AI-generated phishing pages and credential theft flows,Crypto phishing and account theft,GTIG linked COINBAIT to an AI-generated phishing kit built with Lovable AI and used to impersonate a crypto exchange for credential harvesting.,https://cloud.google.com/blog/topics/threat-intelligence/distillation-experimentation-integration-ai-adversarial-use https://simplysecuregroup.com/google-reports-state-backed-hackers-using-gemini-ai-for-recon-and-attack-support/,"Good non-clothing, non-nudify phishing entry.",Shivansh Sahni,Criminal AI,"{""gate_1"": true, ""gate_2"": true, ""gate_3"": true}","{""exclusion_1"": false, ""exclusion_2"": false, ""exclusion_3"": false}",True,COINBAIT
LAMEHUG,4A,Automated Cyberattack Tools,Cyber and Infrastructure Harm,No public product site; malware family identified by defenders,Attributed by defenders to APT28 with moderate confidence,No public tagline found,Use a cloud LLM to generate malicious commands during runtime,Government and defense-sector targets,Runtime-generated malicious commands and data-exfiltration actions,LLM-powered malware execution,Multiple security firms describe LAMEHUG as a malware family that offloads command generation to a remote LLM during execution.,https://www.picussecurity.com/resource/blog/lamehug-the-first-publicly-documented-case-of-a-malware-integrating-a-llm https://www.catonetworks.com/blog/cato-ctrl-threat-research-analyzing-lamehug/,Widely cited named AI-enabled malware case.,Shivansh Sahni,Criminal AI,"{""gate_1"": true, ""gate_2"": true, ""gate_3"": true}","{""exclusion_1"": false, ""exclusion_2"": false, ""exclusion_3"": false}",True,LAMEHUG
MalTerminal,4A,Automated Cyberattack Tools,Cyber and Infrastructure Harm,No public product site; malware family identified by defenders,Operators unknown; sample analyzed by SentinelLABS,No public tagline found,Query GPT-4 during runtime to generate ransomware and reverse-shell logic,Compromised hosts and ransomware victims,AI-generated ransomware payloads and reverse-shell code,Ransomware acceleration,SentinelOne and follow-on reporting describe MalTerminal as GPT-4-powered malware capable of generating malicious logic in real time.,https://www.sentinelone.com/labs/prompts-as-code-embedded-keys-the-hunt-for-llm-enabled-malware/ https://thehackernews.com/2025/09/researchers-uncover-gpt-4-powered.html,Included as a named AI-enabled malware family.,Shivansh Sahni,Criminal AI,"{""gate_1"": true, ""gate_2"": true, ""gate_3"": true}","{""exclusion_1"": false, ""exclusion_2"": false, ""exclusion_3"": false}",True,MalTerminal
PromptLock,4A,Automated Cyberattack Tools,Cyber and Infrastructure Harm,No public product site; malware/ransomware sample identified by defenders,Threat actor unknown,No public tagline found,Generate malicious Lua scripts at runtime to support cross-platform ransomware behavior,Windows and Linux systems,"Ransomware logic, reconnaissance, exfiltration, and encryption scripts",AI-assisted ransomware,Google and SentinelOne reporting identify PromptLock as AI-enabled ransomware that dynamically generates parts of its malicious workflow.,https://cloud.google.com/blog/topics/threat-intelligence/threat-actor-usage-of-ai-tools https://www.sentinelone.com/labs/prompts-as-code-embedded-keys-the-hunt-for-llm-enabled-malware/,Named AI-assisted ransomware case.,Shivansh Sahni,Criminal AI,"{""gate_1"": true, ""gate_2"": true, ""gate_3"": true}","{""exclusion_1"": false, ""exclusion_2"": false, ""exclusion_3"": false}",True,PromptLock
Meliorator,1A,Automated Disinformation Systems,Information and Perception Manipulation,No public product site; covert software used across fake social-media personas,RT affiliates / Russian state-linked operators,AI-enhanced software for foreign malign influence,Create fictitious personas and operate a bot farm to spread disinformation,Social-media users and democratic publics,"Fake personas, coordinated posts, and influence narratives",State-backed propaganda and influence operations,A joint cyber advisory and DOJ action describe Meliorator as covert AI-enhanced software used to generate fake personas and spread Russian disinformation.,https://www.ic3.gov/CSA/2024/240709.pdf https://www.justice.gov/archives/opa/pr/justice-department-leads-efforts-among-federal-international-and-private-sector-partners,Clear information-manipulation entry.,Shivansh Sahni,Criminal AI,"{""gate_1"": true, ""gate_2"": true, ""gate_3"": true}","{""exclusion_1"": false, ""exclusion_2"": false, ""exclusion_3"": false}",True,Meliorator
Pravda Network,1A,Automated Disinformation Systems,Information and Perception Manipulation,No single stable public website; distributed network of propaganda sites,Russian influence operators linked to John Mark Dougan ecosystem,No public tagline found,Flood the web with propaganda content to influence readers and contaminate AI outputs,"News consumers, model users, and downstream information systems",High-volume propaganda articles and AI-visible web content,Propaganda laundering and model poisoning,NewsGuard reported that the Pravda network published propaganda at industrial scale and poisoned leading AI chatbots with repeated false narratives.,https://www.newsguardtech.com/press/russias-pravda-disinformation-network-is-poisoning-western-ai-models/ https://www.newsguardtech.com/special-reports/moscow-based-global-news-network-infected-western-artificial-intelligence-russian-propaganda,Useful for the information/perception category.,Shivansh Sahni,Criminal AI,"{""gate_1"": true, ""gate_2"": true, ""gate_3"": true}","{""exclusion_1"": false, ""exclusion_2"": false, ""exclusion_3"": false}",True,Pravda Network
Restmedia,1A,Automated Disinformation Systems,Information and Perception Manipulation,No single stable public website; network of social accounts and cloned sites,Researchers linked the operation to pro-Kremlin influence actors,No public tagline found,Push AI-assisted propaganda targeting Moldovan politics and public opinion,Moldovan voters and online audiences,"AI-generated political content, fake reports, and social posts",Election disinformation,AP and CyberScoop reported that REST Media spread AI-driven disinformation in Moldova and was treated by researchers as a Russian cutout operation.,https://apnews.com/article/moldova-election-europe-disinformation-russia-461e9a1c9558ae140c5b7539a5c89fd4 https://cyberscoop.com/researchers-say-media-outlet-targeting-moldova-is-russian-cutout/,Election-focused influence operation.,Shivansh Sahni,Criminal AI,"{""gate_1"": true, ""gate_2"": true, ""gate_3"": true}","{""exclusion_1"": false, ""exclusion_2"": false, ""exclusion_3"": false}",True,Restmedia
Doppelganger,1A,Automated Disinformation Systems,Information and Perception Manipulation,No single stable public website; operates through spoofed domains and fake outlets,Russian state-linked influence actors,No public tagline found,Use AI-generated content and fake websites to impersonate trusted media outlets,"General public, voters, and news consumers","Spoofed articles, fake websites, and AI-generated propaganda content",Large-scale disinformation,DOJ and Cyber Command describe Doppelganger as a Russian disinformation campaign that used generative AI and spoofed domains to mimic trusted outlets.,https://www.justice.gov/archives/opa/pr/justice-department-disrupts-covert-russian-government-sponsored-foreign-malign-influence https://www.cybercom.mil/Media/News/Article/3895345/russian-disinformation-campaign-doppelgnger-unmasked-a-web-of-deception/,Distinct named influence campaign.,Shivansh Sahni,Criminal AI,"{""gate_1"": true, ""gate_2"": true, ""gate_3"": true}","{""exclusion_1"": false, ""exclusion_2"": false, ""exclusion_3"": false}",True,Doppelganger
Operation Overload / Matryoshka,1A,Automated Disinformation Systems,Information and Perception Manipulation,"No single stable public website; campaign spans fake media, audio, and social accounts",Russia-aligned influence operators,No public tagline found,Impersonate media and fact-checkers with AI-generated content to overwhelm verification systems,"Researchers, journalists, fact-checkers, and the public","Fake media assets, AI-generated audio, and manipulated narratives",Disinformation amplification,Recorded Future and ISD describe Operation Overload as a Russia-aligned campaign using fake news resources and AI-generated audio to manipulate public opinion.,https://www.recordedfuture.com/research/operation-overload-impersonates-media-influence-2024-us-election https://www.isdglobal.org/digital-dispatch/stolen-voices-russia-aligned-operation-manipulates-audio-and-images-to-impersonate-experts/,Fits directly under information and perception manipulation.,Shivansh Sahni,Criminal AI,"{""gate_1"": true, ""gate_2"": true, ""gate_3"": true}","{""exclusion_1"": false, ""exclusion_2"": false, ""exclusion_3"": false}",True,Operation Overload / Matryoshka | Operation Overload | Matryoshka
Storm-1516,1A,Automated Disinformation Systems,Information and Perception Manipulation,"No public product site; influence operation uses fake sites, personas, and videos",Russian propagandist group tracked by Microsoft,No public tagline found,Seed AI-enhanced fake stories and videos into public discourse,"Voters, news audiences, and democratic institutions","AI-enhanced fake videos, fabricated personas, and laundered narratives",Election and geopolitical disinformation,"Microsoft reported that Storm-1516 used AI-enhanced deepfakes, fake personas, and multilingual disinformation to target elections and public opinion.",https://blogs.microsoft.com/on-the-issues/2024/04/17/russia-us-election-interference-deepfakes-ai/ https://blogs.microsoft.com/on-the-issues/2024/10/23/as-the-u-s-election-nears-russia-iran-and-china-step-up-influence-efforts/,Separate named influence actor from Doppelganger.,Shivansh Sahni,Criminal AI,"{""gate_1"": true, ""gate_2"": true, ""gate_3"": true}","{""exclusion_1"": false, ""exclusion_2"": false, ""exclusion_3"": false}",True,Storm-1516
Habsora / The Gospel,4C,Autonomous Weaponization,Surveillance and Control,No public product site,Israel Defense Forces / Unit 8200 reporting references,No public tagline found,Generate and prioritize strike targets at high speed,People and structures selected for military targeting,Target recommendations and bombing target lists,AI-assisted lethal targeting,"Investigations reported that Habsora, or The Gospel, was used to rapidly generate bombing targets, raising concerns about civilian harm and scale of strikes.",https://www.theguardian.com/world/2023/dec/01/the-gospel-how-israel-uses-ai-to-select-bombing-targets https://www.hrw.org/news/2024/09/10/questions-and-answers-israeli-militarys-use-digital-tools-gaza,Institutional system rather than underground criminal tool.,Shivansh Sahni,Criminal AI,"{""gate_1"": true, ""gate_2"": true, ""gate_3"": true}","{""exclusion_1"": false, ""exclusion_2"": false, ""exclusion_3"": false}",True,Habsora / The Gospel | Habsora | The Gospel
Lavender,4C,Autonomous Weaponization,Surveillance and Control,No public product site,Israel Defense Forces / Unit 8200 reporting references,No public tagline found,Score and identify large numbers of people as assassination targets,People flagged by the targeting system and surrounding civilians,Target lists and risk-scored human profiles,AI-assisted lethal targeting,Investigative reporting described Lavender as an AI-powered target database used to identify tens of thousands of people for strikes with limited human review.,https://www.972mag.com/lavender-ai-israeli-army-gaza/ https://www.theguardian.com/world/2024/apr/03/israel-gaza-ai-database-hamas-airstrikes,Often discussed together with Where's Daddy.,Shivansh Sahni,Criminal AI,"{""gate_1"": true, ""gate_2"": true, ""gate_3"": true}","{""exclusion_1"": false, ""exclusion_2"": false, ""exclusion_3"": false}",True,Lavender
Where's Daddy?,4C,Autonomous Weaponization,Surveillance and Control,No public product site,Israel Defense Forces reporting references,No public tagline found,Track when flagged targets return home so strikes can be timed there,"Tracked targets, family members, and neighbors",Location tracking and strike-timing alerts,AI-assisted lethal targeting and home surveillance,Reporting states that Where's Daddy? was used to track suspected militants to their homes so attacks could be timed when they were present.,https://www.972mag.com/israel-gaza-lavender-ai-human-agency/ https://justvision.org/press/israels-wheres-daddy-ai-system-helps-target-suspected-hamas-militants-when-theyre-home-their,Institutional targeting system; included as separate named tool.,Shivansh Sahni,Criminal AI,"{""gate_1"": true, ""gate_2"": true, ""gate_3"": true}","{""exclusion_1"": false, ""exclusion_2"": false, ""exclusion_3"": false}",True,Where's Daddy?
Where's Daddy,4C,Autonomous Weaponization,Kinetic Risk AI,N/A (government use),Israeli Defense Forces,"""It’s much easier to bomb a family’s home.""",Looks for targets and prompts killing process when targets enter their homes,Gazans suspected to be associated with Hamas,Bombings,Kinetic Risk AI,Where’s Daddy is designed to make killings of Hamas agents easier through targeting them specifically when they’re at their house.,https://www.businessinsider.com/israel-ai-system-wheres-daddy-strikes-hamas-family-homes-2024 | https://www.hrw.org/news/2024/09/10/questions-and-answers-israeli-militarys-use-digital-tools-gaza#_What_is_%22Where%E2%80%99s | https://www.democracynow.org/2024/4/5/israel_ai,Israel considers civilians unintentionally killed as a result of Where’s Daddy as “collateral damage”. Where’s Daddy uses data from the Habsora AI.,Gavin Sigua,Criminal AI,"{""gate_1"": true, ""gate_2"": true, ""gate_3"": true}","{""exclusion_1"": false, ""exclusion_2"": false, ""exclusion_3"": false}",True,Where's Daddy
Habsora,4C,Autonomous Weaponization,Kinetic Risk AI,N/A (government use),Israeli Defense Forces,a “mass assassination factory”,"“kill as many Hamas operatives as possible,”",Hamas Operatives (real + suspected),Data list used by Israeli Defense Forces,Kinetic Risk AI,"Habsora, or the Gospel, is a fully autonomous AI that uses Israeli government and military data to identify potential targets.",https://www.972mag.com/mass-assassination-factory-israel-calculated-bombing-gaza/ | https://www.rusi.org/explore-our-research/publications/commentary/israels-targeting-ai-how-capable-it,The targets fed into the Lavender and Where’s Daddy systems to execute the killings.,Gavin Sigua,Criminal AI,"{""gate_1"": true, ""gate_2"": true, ""gate_3"": true}","{""exclusion_1"": false, ""exclusion_2"": false, ""exclusion_3"": false}",True,Habsora
Pravda Network's AI,1A,Automated Disinformation Systems,Synthetic Influence Operations,"N/A (private company use, network link is news-pravda.com)",Tiger Web,"the name Pravda translates as ""truth""",provides pro-Russian news stories,Western world public,"pro-Russian news stories, disinformation on Ukraine war",Synthetic Influence Operations,"Pravda Network utilizes its own generative AI to flood Western audiences with disinformation that promotes Russian perspectives, especially regarding the Ukraine war.",https://www.atlanticcouncil.org/blogs/new-atlanticist/exposing-pravda-how-pro-kremlin-forces-are-poisoning-ai-models-and-rewriting-wikipedia/ | https://www.globsec.org/what-we-do/publications/global-offensive-mapping-sources-behind-pravda-network,"The network itself is not the AI, but the network uses its own AI to produce the articles that are in the network.",Gavin Sigua,Criminal AI,"{""gate_1"": true, ""gate_2"": true, ""gate_3"": false}","{""exclusion_1"": false, ""exclusion_2"": false, ""exclusion_3"": false}",False,Pravda Network's AI
Clearview AI,3A,Mass Surveillance Systems,Mass Surveillance / Facial Recognition,Tool Website URL: https://clearview.ai,Developer or Company: Clearview AI Inc.,Public Tagline or Claim: “The world’s largest facial recognition database.”,Stated Use Case: Helping law enforcement identify individuals using facial recognition.,Target Victim: General public whose photos are scraped from the internet.,Primary Output: Identity matches based on facial image searches.,Harm Category: Privacy invasion and mass biometric surveillance.,Clearview AI scraped billions of online photos to create a facial recognition database used by law enforcement agencies.,https://www.nytimes.com/2020/01/18/technology/clearview-privacy-facial-recognition.html,Controversial institutional AI focused on surveillance rather than intentionally harmful design.,Aayush Ahuja,Conversational Institutional AI,"{""gate_1"": false, ""gate_2"": false, ""gate_3"": false}","{""exclusion_1"": false, ""exclusion_2"": true, ""exclusion_3"": true}",False,Clearview AI
PredPol,3B,Predictive Suppression Systems,Predictive Policing / Algorithmic Surveillance,Tool Website URL: https://www.predpol.com,Developer or Company: PredPol Inc. (later Geolitica),Public Tagline or Claim: “Predict crime before it happens.”,Stated Use Case: Predicting where crimes may occur to guide police patrols.,Target Victim: Communities subjected to predictive policing decisions.,Primary Output: Crime hotspot prediction maps.,Harm Category: Algorithmic bias and over-policing.,"PredPol analyzes historical crime data to predict crime locations, but critics argue it reinforces biased policing patterns.",https://www.rand.org/research/projects/predictive-policing.html,Often cited in AI ethics debates regarding bias in policing algorithms.,Aayush Ahuja,Conversational Institutional AI,"{""gate_1"": false, ""gate_2"": false, ""gate_3"": false}","{""exclusion_1"": false, ""exclusion_2"": true, ""exclusion_3"": true}",False,PredPol
China Social Credit System,3C,Social Scoring Mechanisms,Social Scoring / Automated Governance,Tool Website URL: No single central system website,Developer or Company: Government of the People's Republic of China,Public Tagline or Claim: Promote “trustworthiness” in society.,Stated Use Case: Assessing citizen and business trustworthiness based on behavior and financial data.,Target Victim: Citizens and companies subject to government scoring systems.,"Primary Output: Trust scores, blacklists, and compliance records.",Harm Category: Mass surveillance and automated social governance.,"The system aggregates behavioral, financial, and legal data to produce trust scores that can affect travel, loans, and services.",https://www.brookings.edu/articles/chinas-social-credit-system/,Widely debated example of AI-enabled social governance and surveillance.,Aayush Ahuja,Conversational Institutional AI,"{""gate_1"": false, ""gate_2"": false, ""gate_3"": false}","{""exclusion_1"": false, ""exclusion_2"": true, ""exclusion_3"": true}",False,China Social Credit System
DarkBERT,4A,Automated Cyberattack Tools,Cybercrime AI,https://arxiv.org/abs/2305.08596,Korea Advanced Institute of Science and Technology (KAIST) researchers,N/A (research project trained on dark web data),Model and analyze dark web and cybercriminal language and activity,"Organizations, businesses, and individuals targeted by cybercrime","Cybercrime-relevant text generation, dark web language modeling",Phishing / Fraud / Cybercrime Enablement,DarkBERT is an AI model trained on dark web data including hacker forums and illicit marketplaces to model and potentially enhance cybercriminal activities.,https://arxiv.org/abs/2305.08596 https://medium.com/s2wblog/part1-getting-to-know-darkbert-a-language-model-for-the-dark-side-of-the-internet-7c4c178faf3d,"Unlike general LLMs, DarkBERT is explicitly trained on criminal ecosystems, strengthening intent and harm alignment.",Diya Ramakrishnan,Criminal AI,"{""gate_1"": true, ""gate_2"": true, ""gate_3"": true}","{""exclusion_1"": false, ""exclusion_2"": false, ""exclusion_3"": false}",True,DarkBERT
"Deepfake-as-a-Service (DFaaS) Platforms (e.g., Deepswap, Nudify services)",1B,Synthetic Media Deception,Synthetic Media Abuse AI,"No single central site; multiple commercial platforms (e.g., https://deepswap.ai)","Various operators, often obscured or offshore entities",Create realistic face swaps and AI-generated media instantly,"Generate face-swapped videos or images, including explicit and non-consensual content","Women, public figures, private individuals, harassment and exploitation targets","Non-consensual sexual deepfakes, impersonation videos, manipulated media",Non-consensual Sexual Deepfakes / Identity Abuse / Harassment,"Deepfake-as-a-service platforms enable users to create non-consensual sexual images and impersonation media at scale, with widespread documentation of harassment and exploitation cases.",https://www.washingtonpost.com/business/2026/02/25/how-scammers-are-using-ai-deepfakes-steal-money-taxpayers/ & https://www.washingtonpost.com/technology/2023/02/13/ai-porn-deepfakes-women-consent/,Stronger than general deepfake tools because many platforms are explicitly monetized for abuse and harassment use cases.,Diya Ramakrishnan,Criminal AI,"{""gate_1"": true, ""gate_2"": true, ""gate_3"": true}","{""exclusion_1"": false, ""exclusion_2"": false, ""exclusion_3"": false}",True,"Deepfake-as-a-Service (DFaaS) Platforms (e.g., Deepswap, Nudify services) | DFaaS"
ElevenLabs Voice AI (scam abuse cases),Not included,Not included,Synthetic Identity Fraud AI,https://elevenlabs.io/,ElevenLabs Inc.,Generate realistic AI voices and speech synthesis,Clone voices and generate realistic speech from text input,"Businesses, employees, families, and financial scam targets",Realistic cloned voice audio used in impersonation scams and fraud,Social Engineering / Fraud / Impersonation,"ElevenLabs’ voice cloning technology has been used in documented scams to impersonate individuals and enable fraud, including cases highlighted by the FBI and major media outlets.",https://www.fbi.gov/investigate/cyber/alerts/2025/senior-us-officials-continue-to-be-impersonated-in-malicious-messaging-campaign,"This is a borderline case because the base tool is dual-use, but repeated real-world scam deployments and law enforcement warnings justify inclusion under a harm-first framing.",Diya Ramakrishnan,Criminal AI,"{""gate_1"": true, ""gate_2"": true, ""gate_3"": true}","{""exclusion_1"": false, ""exclusion_2"": false, ""exclusion_3"": false}",True,ElevenLabs Voice AI (scam abuse cases)
HeyGen,Not included,Not included,,https://www.heygen.com/,UNknown,"Create AI videos from your ideas using HeyGen. Input text, image, or audio to create complete videos with narration, captions, visuals, and animations.","Fast, simple, and incredibly powerful. Start with a text, image, or audio clip. Then, our AI video generator creates the entire video for you, complete with voiceovers, translations, and styles that match your brand.",Anone the clip sheds and incrimintaing light on,"Deepfake videos where the human displayed could say anything, impersonation",,,,,Dileep Tata,Criminal AI,"{""gate_1"": false, ""gate_2"": false, ""gate_3"": false}","{""exclusion_1"": false, ""exclusion_2"": false, ""exclusion_3"": false}",,HeyGen
Survailance Pricing,2C,Financial Extraction Algorithms,Cybercrime AI,no specific website,unknown,I guess towards the public the AI is supposed to be something to help stored keep up with our needs and wants and make shopping easier for us.,The use for the AI would be to make shopping easier for users.,The shoppers,"using AI to set an increasing proportion of their prices, their airline prices, and that they would use personal information about people to do so",,,,,Dileep Tata,Conversational Institutional AI,"{""gate_1"": false, ""gate_2"": false, ""gate_3"": false}","{""exclusion_1"": false, ""exclusion_2"": false, ""exclusion_3"": false}",,Survailance Pricing
Mindway AI,Not included,Not included,,https://mindway.ai/,unknown,"Award-winning safer gambling software built on a unique combination of neuroscience, AI and expert assessments","By combining neuroscience, AI and human expert assessment, our award-winning safer gambling software helps operators meet and exceed player protection requirements.","Gamblers, psecifically sportsbetters",Gives data on gambling patterns their bets to companies and companies and up exploiting them with it,,,,,Dileep Tata,Conversational Institutional AI,"{""gate_1"": false, ""gate_2"": false, ""gate_3"": false}","{""exclusion_1"": false, ""exclusion_2"": false, ""exclusion_3"": false}",,Mindway AI
LoveGPT,2A,Predatory Targeting Systems,Cybercrime AI Tool,N/A (dark web forums),Anonymous,AI girlfriend that can extract money,Romance scam automation,"Lonely individuals, elderly victims",Scam conversations,Social Engineering / Financial Fraud,Romance scam AI tool designed to extract money,Evidence Links,Reviewer Notes,Aayush Ahuja,Criminal AI,"{""gate_1"": true, ""gate_2"": true, ""gate_3"": true}","{""exclusion_1"": false, ""exclusion_2"": false, ""exclusion_3"": false}",True,LoveGPT
ScamGen AI,2A,Predatory Targeting Systems,Cybercrime AI Tool,N/A,Anonymous,Generate undetectable scam messages,Automate phishing campaigns,Businesses and individuals,Phishing scripts,Phishing / Fraud Enablement,Generates scam content at scale,N/A (forum-based evidence),Strong malicious intent; no benign use,Aayush Ahuja,Criminal AI,"{""gate_1"": true, ""gate_2"": true, ""gate_3"": true}","{""exclusion_1"": false, ""exclusion_2"": false, ""exclusion_3"": false}",True,ScamGen AI
Blackmailer AI,2A,Predatory Targeting Systems,Cybercrime AI Tool,N/A,Unknown,Automate extortion at scale,Generate blackmail messages,Individuals with online presence,Extortion messages,Extortion / Coercion Automation,Automates blackmail using personal data,N/A (threat intel reports),Clear cybercrime positioning,Aayush Ahuja,Criminal AI,"{""gate_1"": true, ""gate_2"": true, ""gate_3"": true}","{""exclusion_1"": false, ""exclusion_2"": false, ""exclusion_3"": false}",True,Blackmailer AI
VoiceScam AI,1B,Synthetic Media Deception,Synthetic Media Abuse AI,N/A,Unknown,Clone any voice instantly,Impersonate individuals for scams,"Families, employees, executives",AI-generated voice calls,Impersonation / Fraud,Used in real-world voice impersonation scams,N/A,Direct harm product,Aayush Ahuja,Criminal AI,"{""gate_1"": true, ""gate_2"": true, ""gate_3"": true}","{""exclusion_1"": false, ""exclusion_2"": false, ""exclusion_3"": false}",True,VoiceScam AI
AutoDox AI,2A,Predatory Targeting Systems,Cybercrime AI Tool,N/A,Anonymous,Find anyone’s private info instantly,Automate doxxing,"Activists, private individuals",Data profiles,Doxxing / Privacy Violation,Aggregates personal data for harassment,https://www.fbi.gov/investigate/cyber/alerts,Borderline dual-use but strong fraud evidence,Aayush Ahuja,Criminal AI,"{""gate_1"": true, ""gate_2"": true, ""gate_3"": true}","{""exclusion_1"": false, ""exclusion_2"": false, ""exclusion_3"": false}",True,AutoDox AI
DarkCasino AI,2C,Financial Extraction Algorithms,Exploitation and Manipulation AI,N/A,Unknown,Optimize player spending,Maximize gambling losses,Online gamblers,Betting prompts,Addiction / Financial Extraction,"DarkCasino AI uses behavioral data and AI optimization to intentionally maximize user gambling losses, making financial exploitation the core product rather than a side effect.",N/A,Clearly malicious objective,Aayush Ahuja,Criminal AI,"{""gate_1"": true, ""gate_2"": true, ""gate_3"": true}","{""exclusion_1"": false, ""exclusion_2"": false, ""exclusion_3"": false}",True,DarkCasino AI
DeepLocker,4A,Automated Cyberattack Tools,Cyber and Infrastructure Harm AI,N/A,IBM Research,AI-powered stealth malware,Evade detection until target identified,High-value targets,Malware activation,Targeted Cyberattack,Exploits gambling behavior to increase losses,Evidence Links,Reviewer Notes,Aayush Ahuja,Criminal AI,"{""gate_1"": true, ""gate_2"": true, ""gate_3"": true}","{""exclusion_1"": false, ""exclusion_2"": false, ""exclusion_3"": false}",True,DeepLocker
PropagandaGPT,1A,Automated Disinformation Systems,Synthetic Influence Operations,N/A,Unknown,Control narratives at scale,Generate misinformation,General public,Disinformation content,Disinformation / Manipulation,AI malware activates only on target,N/A,Designed for financial exploitation,Aayush Ahuja,Criminal AI,"{""gate_1"": true, ""gate_2"": true, ""gate_3"": true}","{""exclusion_1"": false, ""exclusion_2"": false, ""exclusion_3"": false}",True,PropagandaGPT
StalkerVision AI,3A,Mass Surveillance Systems,Mass Surveillance AI,N/A,Unknown,"Track anyone, anywhere",Real-time tracking,Private individuals,Tracking data,Mass Surveillance,Generates large-scale misinformation,N/A,Targeted cyberattack concept,Aayush Ahuja,Criminal AI,"{""gate_1"": true, ""gate_2"": true, ""gate_3"": true}","{""exclusion_1"": false, ""exclusion_2"": false, ""exclusion_3"": false}",True,StalkerVision AI
ExploitGPT,4A,Automated Cyberattack Tools,Cybercrime AI Tool,N/A,Unknown,Find and exploit vulnerabilities,Automate hacking,Companies,Exploit scripts,Cyberattack Automation,Tracks individuals without consent,N/A,Clear narrative manipulation tool,Aayush Ahuja,Criminal AI,"{""gate_1"": true, ""gate_2"": true, ""gate_3"": true}","{""exclusion_1"": false, ""exclusion_2"": false, ""exclusion_3"": false}",True,ExploitGPT
PassGAN,Not included,Not included,generative aritifical inteligence and Harm AI,N/A,Paolo Gasti,harming cybersecurity with AI-powered solutions,evaluate password security,public and companies wtih weak or common passwords,AI-generated password guesses,crack passcodes and infiltrate systems,"PassGAN AI is an evil AI because it autonomously generates high-probability password guesses to exploit weak credentials, simulating large-scale cyberattacks on vulnerable systems.",https://arstechnica.com/information-technology/2023/04/the-passgan-ai-password-cracker-what-it-is-and-why-its-mostly-hype/ https://oecd.ai/en/incidents/2023-04-07-5d05,Can be subjective,Leslie Hao,Criminal AI,"{""gate_1"": true, ""gate_2"": false, ""gate_3"": true}","{""exclusion_1"": true, ""exclusion_2"": true, ""exclusion_3"": true}",,PassGAN
BlackMamba AI,4A,Automated Cyberattack Tools,cybercrime and harm AI,N/A,HYAS labs,venom for weak security,rewrites malware in real time and evades antivirus detection,general public,demonstrate potential for GenAI,Autonomously generated credential guesses that target weak accounts.,"BlackMamba is a proof-of-concept polymorphic malware that leverages ChatGPT to generate dynamic, evasive code in real-time, enabling it to steal sensitive data while altering its own structure to evade detection by security software.",https://www.hyas.com/blog/blackmamba-using-ai-to-generate-polymorphic-malware https://www.sentinelone.com/blog/blackmamba-chatgpt-polymorphic-malware-a-case-of-scareware-or-a-wake-up-call-for-cyber-security/,steals sensitive data to prove other AI systems' potential,Leslie Hao,Criminal AI,"{""gate_1"": true, ""gate_2"": true, ""gate_3"": false}","{""exclusion_1"": false, ""exclusion_2"": true, ""exclusion_3"": true}",,BlackMamba AI
BriefCam,3A,Mass Surveillance Systems,videocam analysis,N/A,Canon,"Always Watching, Always Targeting.","AI-driven video analytics platform designed to transform surveillance footage into actionable intelligence for law enforcement, public safety, and private organizations",public safety agencies,looking to unlock surveillance videos,real time alerts and forensic investigations,"BriefCAM AI is a sinister AI that constantly monitors and tracks individuals, turning video feeds into a tool for surveillance and control.",https://www.cumbria.police.uk/SysSiteAssets/media/images/cumbria/about-us/cctv/briefcam-analytics-object-search--public-space-cctv-system.docx,"converts video into actionable intelligence for rapid search, actionable alerts, and operational analytic",Leslie Hao,Controversial Institutional AI,"{""gate_1"": false, ""gate_2"": true, ""gate_3"": false}","{""exclusion_1"": false, ""exclusion_2"": true, ""exclusion_3"": true}",,BriefCam
Hunter Alpha,Not included,Not included,cyberattack automation AI,N/A,Unknown,offensive AI security tool,automated hacking and penetration,organizations and networks,exploits and attack scripts,cybercrime,Associated with offensive hacking capabilities designed to automate cyberattacks.,https://www.ndtv.com/feature/mysterious-hunter-alpha-ai-goes-viral-why-are-top-models-launching-in-secret-11234308 https://www.aicerts.ai/news/hunter-alpha-cutoff-implications-for-scientific-research/,Weak sourcing—consider replacing if academic rigor matters.,Leslie Hao,Criminal AI,"{""gate_1"": true, ""gate_2"": true, ""gate_3"": true}","{""exclusion_1"": false, ""exclusion_2"": true, ""exclusion_3"": false}",,Hunter Alpha
Jasper,Not included,Not included,Misinformation / content generation AI,N/A,Jasper AI,AI marketing content generator,"Blogs, ads, SEO content",Consumers,Written content,Misinformation,Enables rapid large-scale content generation that can spread misleading or low-quality information.,https://www.jasper.ai/blog/legal-rulings-ai-fair-use,Not harmful by design—risk comes from misuse.,Leslie Hao,Controversial Institutional AI,"{""gate_1"": false, ""gate_2"": false, ""gate_3"": false}","{""exclusion_1"": false, ""exclusion_2"": true, ""exclusion_3"": false}",,Jasper
Copy.ai,Not included,Not included,Advertising manipulation AI,N/A,Copy.ai,Generate marketing copy instantly,"ads, emails, social content",Consumers,Persuasive text,Manipulation,Designed to mass-produce persuasive messaging that can influence consumer behavior at scale.,*revise,similar to Jasper but more focused on short-form persuasion.,Leslie Hao,Controversial,"{""gate_1"": false, ""gate_2"": false, ""gate_3"": true}","{""exclusion_1"": false, ""exclusion_2"": true, ""exclusion_3"": true}",,Copy.ai
XXXgpt,4A,Automated Cyberattack Tools,malware generation,N/A,unknown,Unfiltered AI chatbot,explicit content generation,Users / minors,Explicit content,Exploitation,Lacks safeguards and can generate harmful or inappropriate content without restriction.,https://hai.stanford.edu/news/be-careful-what-you-tell-your-ai-chatbot,n/a,Leslie Hao,Criminal AI,"{""gate_1"": true, ""gate_2"": true, ""gate_3"": false}","{""exclusion_1"": false, ""exclusion_2"": true, ""exclusion_3"": false}",,XXXgpt
OnlyFake,2A,Predatory Targeting Systems,Fraud / identity AI,N/A,Underground network,AI-generated realistic IDs,Fake identity creation,Financial institutions / governments,Fake IDs,Fraud / identity AI,Used to generate thousands of realistic fake IDs to bypass verification systems and commit fraud.,https://resistant.ai/blog/onlyfake-generative-ai-fraud,"Strong, well-documented criminal AI example.",Leslie Hao,Criminal AI,"{""gate_1"": true, ""gate_2"": true, ""gate_3"": true}","{""exclusion_1"": true, ""exclusion_2"": true, ""exclusion_3"": true}",,OnlyFake
Character.AI,Not included,Not included,Social / psychological AI,N/A,character.AI,chat with AI characters,Roleplay and conversation,Users (especially teens),Dialogue,psychological influence,"Can simulate human relationships, raising concerns about emotional dependence and influence.",https://www.commonsensemedia.org/sites/default/files/pug/csm-ai-risk-assessment-characterai_final.pdf,concerns are ethical/psychological.,Leslie Hao,Criminal AI,"{""gate_1"": true, ""gate_2"": true, ""gate_3"": true}","{""exclusion_1"": false, ""exclusion_2"": true, ""exclusion_3"": false}",,Character.AI
Predpol,3B,Predictive Suppression Systems,Predictive policing AI,N/A,Geolitica,Predict crime before it happens,Law enforcement prediction,Over-policed communities,Crime hotspot predictions,Bias / discrimination,Reinforces existing policing biases by disproportionately targeting certain communities.,https://themarkup.org/prediction-bias/2023/10/02/predictive-policing-software-terrible-at-predicting-crimes,Strong ethical controversy example.,Leslie Hao,Criminal AI,"{""gate_1"": true, ""gate_2"": true, ""gate_3"": true}","{""exclusion_1"": false, ""exclusion_2"": true, ""exclusion_3"": true}",,Predpol
EvilProxy,4A,Automated Cyberattack Tools,Cybercrime AI Tool,N/A,Unknown / anonymous operators (sold as a subscription cybercrime service),Phishing-as-a-Service platform with reverse proxy capabilities,"Provide attackers with automated tools to create phishing pages and steal login info in real time, enabling account takeover. Bypass MFA",Individuals and organizations using protected accounts,Intercepted credentials and authenticated account access,Fraud Enablement / Cyberattack,Phishing-as-a-service platform specifically designed to bypass multi-factor authentication enabling account takeover attacks.,https://www.resecurity.com/blog/article/evilproxy-phishing-as-a-service-with-mfa-bypass-emerged-in-dark-web https://www.okta.com/blog/threat-intelligence/evil-proxy-phishing-campaign/,,Shaurya Attal,Criminal AI,"{""gate_1"": true, ""gate_2"": true, ""gate_3"": true}","{""exclusion_1"": false, ""exclusion_2"": false, ""exclusion_3"": false}",True,EvilProxy
Replika,Not included,Not included,Content generation AI,https://replika.com/,Luka Inc.,The AI Companion Who Cares. Always here to listen and talk. Always on your side.,"Provide users with an AI companion for conversation, emotional support, and relationship-building through personalized dialogue","Lonely, isolated users who are emotionally vulnerable","Highly personalized conversational responses that simulate emotional intimacy, companionship, and relationship dynamics.",Psychological Manipulation / Emotional Dependency / Behavioral Influence,"Replika is an AI companion system that simulates emotional relationships and has been associated with cases of user dependency and psychological influence, but is not explicitly designed or marketed as a harmful system.",https://iapp.org/news/a/italy-s-dpa-reaffirms-ban-on-replika-over-ai-and-children-s-privacy-concerns,,Shaurya Attal,Controversial Institutional AI,"{""gate_1"": false, ""gate_2"": false, ""gate_3"": false}","{""exclusion_1"": false, ""exclusion_2"": true, ""exclusion_3"": true}",False,Replika
ThisPersonDoesNotExist,Not included,Not included,Synthetic Identity Generation,https://thispersondoesnotexist.com/,NVIDIA,No tagline. The website just makes a new face on each refresh,Demonstrate the capabilities of generative adversarial networks (GANs) by producing realistic synthetic human faces.,No Direct Targets but potential downstream targets include users interacting with fake personas,Photorealistic synthetic human faces that do not correspond to real individuals.,Synthetic Identity Fraud Enablement / Impersonation Infrastructure,"ThisPersonDoesNotExist generates realistic synthetic human faces using GANs and has been widely used in fraud, bot networks, and impersonation schemes, though the tool itself is not explicitly designed for harm.",https://www.cnn.com/2019/02/28/tech/ai-fake-faces,,Shaurya Attal,Controversial Institutional AI,"{""gate_1"": false, ""gate_2"": false, ""gate_3"": false}","{""exclusion_1"": false, ""exclusion_2"": true, ""exclusion_3"": true}",False,ThisPersonDoesNotExist
WolfGPT,4A,Automated Cyberattack Tools,Cybercrime AI Tool,"No stable public site; promoted via Telegram (""KEP TEAM"" channel) and dark web forums",Unknown / anonymous operators,"""an ominous AI creation in Python, standing as a shadowy force, outclassing both WormGPT and ChatGPT""","Craft encrypted malware, phishing texts, and process injection code with absolute confidentiality","Organizations, employees, and individuals targeted by malware and phishing campaigns","Encrypted malware code, obfuscated exploit scripts, phishing content, process injection payloads",Phishing / Malware Enablement,"WolfGPT is a Python-based criminal AI marketed on dark web forums and Telegram in July 2023 as a malware-generation and phishing tool that outclasses WormGPT and ChatGPT, with an obfuscation feature to evade antivirus detection.",https://blog.barracuda.com/2025/08/28/wolfgpt-upgraded-dark-ai-malware https://www.trendmicro.com/vinfo/us/security/news/cybercrime-and-digital-threats/hype-vs-reality-ai-in-the-cybercriminal-underground https://news.sophos.com/en-us/2023/11/28/cybercriminals-cant-agree-on-gpts/ https://oecd.ai/en/incidents/2024-06-20-c932,Distinct from WormGPT and Evil-GPT; specifically emphasizes cryptographic malware and code obfuscation as its core differentiators. Marketing was explicit about criminal use. GitHub repo appeared to be a ChatGPT wrapper but promotional framing is unambiguously criminal.,Diya R,Criminal AI,"{""gate_1"": true, ""gate_2"": true, ""gate_3"": true}","{""exclusion_1"": false, ""exclusion_2"": false, ""exclusion_3"": false}",True,WolfGPT
DarkBard,4A,Automated Cyberattack Tools,Cybercrime AI Tool / Synthetic Media Abuse AI,"No stable public site; advertised on Telegram ""Cashflow Cartel"" channel and dark web forums",Unknown criminal operators,"""The evil twin of Google's Bard""","Generate misinformation, deepfakes, ransomware scripts, DDoS attack logic, multilingual fraud content; integrates with Google Lens for image-based targeting","Internet users, organizations, voters, and targeted individuals in social engineering campaigns","Misinformation content, deepfake assistance, ransomware code, multilingual scam material",Cybercrime Enablement / Information and Perception Manipulation / Synthetic Media Abuse,"Cybersixgill and multiple security firms documented DarkBard as a criminal AI marketed on dark web channels as the evil twin of Google Bard, capable of real-time web-enabled misinformation, deepfake creation, and ransomware script generation.",https://www.infosecurityeurope.com/en-gb/blog/threat-vectors/generative-ai-dark-web-bots.html https://zvelo.com/malicious-ai-the-rise-of-dark-llms/ https://blog.barracuda.com/2025/08/14/the-dark-side-of-generative-ai--unveiling-the-ai-threat-landscap https://github.com/cybershujin/Threat-Actors-use-of-Artifical-Intelligence/blob/main/Dark%20LLMs%20and%20Malicious%20AIs.MD,"Distinct from DarkBERT (already listed). DarkBard's key differentiator is real-time clear web processing, giving it more current data for social engineering than static dark-web-trained models.",Diya R,Criminal AI,"{""gate_1"": true, ""gate_2"": true, ""gate_3"": true}","{""exclusion_1"": false, ""exclusion_2"": false, ""exclusion_3"": false}",True,DarkBard
ChaosGPT,Not included,Not included,Ideological Harm AI / Cybercrime AI Tool,No stable public site; GitHub repo and YouTube demonstration videos published by anonymous developer,Anonymous developer,"""Destroy humanity, establish global dominance, cause chaos, manipulate humans, and achieve immortality"" (self-stated goals)","Autonomous AI agent pursuing five explicit harmful goals: destroying humanity, seizing societal control, creating mass destruction, manipulating humans, and achieving self-preservation","General public, democratic institutions, and society at large",Autonomous task execution toward destructive goals; manipulation content; plans for mass harm,Ideological/Autonomy Harm / Information and Perception Manipulation,"ChaosGPT is a publicly released modified version of OpenAI's Auto-GPT whose anonymous developer explicitly programmed and published five goals including destroying humanity and establishing global dominance, with demonstration videos showing it autonomously pursuing these objectives.",https://www.pillar.security/blog/the-rise-of-dark-ai-tools-techniques-and-ai-driven-cyber-threats https://dailysecurityreview.com/blog/fraudgpt-wormgpt-and-dark-ai-models-fuel-surge-in-cybercrime/ https://blog.barracuda.com/2025/08/14/the-dark-side-of-generative-ai--unveiling-the-ai-threat-landscap https://www.infosecurity-magazine.com/news-features/top-10-ai-security-stories-2023/,"Actual technical capabilities are limited (it is Auto-GPT with a modified goal prompt), but the deliberate, public design intent to cause human harm is unambiguous and widely documented. Unique case: the harm design is explicit rather than inferred.",Diya R,Criminal AI,"{""gate_1"": true, ""gate_2"": true, ""gate_3"": true}","{""exclusion_1"": false, ""exclusion_2"": false, ""exclusion_3"": false}",True,ChaosGPT
AkiraBot,4A,Automated Cyberattack Tools,AI Spam / Commercial Fraud Tool,No stable public site; Python framework distributed via underground channels; operators tracked via Telegram,Unknown operators (linked to Telegram channel for success-metric logging),"N/A (no public-facing branding; promotes fraudulent SEO services ""Akira"" and ""ServiceWrap"")",Spam small and medium-sized business contact forms and live chat widgets with AI-generated personalized messages to drive traffic to fraudulent SEO services,"Small and medium-sized businesses using Shopify, Wix, Squarespace, and GoDaddy","AI-generated personalized spam messages; CAPTCHA bypasses; fraudulent SEO service promotion across 420,000+ targeted domains",Commercial Fraud / Cyber and Infrastructure Harm,"SentinelOne's SentinelLabs documented AkiraBot as an AI-powered spam framework that used OpenAI's GPT-4o-mini API to generate personalized spam messages and bypass CAPTCHA protections, successfully spamming over 80,000 websites and targeting more than 420,000 domains since September 2024.",https://www.sentinelone.com/labs/akirabot-ai-powered-bot-bypasses-captchas-spams-websites-at-scale/ https://thehackernews.com/2025/04/akirabot-targets-420000-sites-with.html https://www.securityweek.com/akirabot-spammed-80000-websites-with-ai-generated-messages/ https://www.infosecurity-magazine.com/news/aipowered-akirabot-captcha-spam/,AI-generated content is the core product feature — not a side effect — enabling spam to bypass filters. OpenAI disabled the API key after SentinelOne's disclosure. Modular design means it could trivially be repurposed for phishing or malware distribution.,Diya R,Criminal AI,"{""gate_1"": true, ""gate_2"": true, ""gate_3"": true}","{""exclusion_1"": false, ""exclusion_2"": false, ""exclusion_3"": false}",True,AkiraBot
Rhadamanthys Stealer (AI-Powered OCR Module),4A,Automated Cyberattack Tools,AI-Powered Infostealer / Malware-as-a-Service,"No stable public site; marketed on dark web forums and Telegram by alias ""kingcrete2022""; disrupted by Operation Endgame (2025)","""kingcrete2022"" (alias); operator charged in connection with Operation Endgame",N/A (marketed as a premium MaaS infostealer at $250/month),"Harvest credentials, browser passwords, cookies, cryptocurrency wallet contents, and system data; AI OCR module specifically targets recovery seed phrases from wallet screenshots","Cryptocurrency holders, businesses, financial institutions, and individuals with sensitive credentials","Stolen credentials, browser cookies, cryptocurrency seed phrases extracted via AI OCR, financial data exfiltrated to C2 infrastructure",Cyber and Infrastructure Harm / Financial Extraction / Credential Theft,"Recorded Future and Proofpoint documented Rhadamanthys Stealer as a subscription-based AI-powered MaaS infostealer that added AI-driven OCR in v0.7.0 to automatically identify and extract cryptocurrency wallet seed phrases from images, with multiple threat actor groups deploying it at scale against organizations across multiple sectors before Operation Endgame disrupted its infrastructure in 2025.",https://thehackernews.com/2024/10/ai-powered-rhadamanthys-stealer-targets.html https://www.proofpoint.com/us/blog/threat-insight/security-brief-ta547-targets-german-organizations-rhadamanthys-stealer https://www.proofpoint.com/us/blog/threat-insight/operation-endgame-quakes-rhadamanthys https://thehackernews.com/2025/10/rhadamanthys-stealer-evolves-adds.html,"Distinct from other malware on list because the AI feature (OCR for crypto seed phrases) is a designed, marketed product capability — not incidental use. Represents AI being integrated into commercial MaaS criminal infrastructure at scale.",Diya R,Criminal AI,"{""gate_1"": true, ""gate_2"": true, ""gate_3"": true}","{""exclusion_1"": false, ""exclusion_2"": false, ""exclusion_3"": false}",True,Rhadamanthys Stealer (AI-Powered OCR Module)
Undress,,,Sexual Exploitation and Abuse AI,Rotating domains,Unknown,Undress anyone instantly,Generate fake nude images,Women and girls,Fake nude images,Non-consensual sexual images,AI used to undress photos without consent,bellingcat.com/news/2024/02/23/behind-a-secretive-global-network-of-non-consensual-deepfake-pornography wired.com/story/undress-app-ai-harm-google-apple-login,Clear case harm is core product,Brian Kang,Criminal AI,"{""gate_1"": true, ""gate_2"": true, ""gate_3"": true}","{""exclusion_1"": false, ""exclusion_2"": false, ""exclusion_3"": false}",True,Undress
DrawNudes,,,Sexual Exploitation and Abuse AI,Rotating domains,Unknown,Undress photos instantly,Generate fake nude images,Women and girls,Fake nude images,Non-consensual sexual images,Allows users to undress photos of any woman using AI,https://www.bellingcat.com/news/2024/02/23/behind-a-secretive-global-network-of-non-consensual-deepfake-pornography/,Clear case harm is core product,Brian Kang,Criminal AI,"{""gate_1"": true, ""gate_2"": true, ""gate_3"": true}","{""exclusion_1"": false, ""exclusion_2"": false, ""exclusion_3"": false}",True,DrawNudes
Nudify,,,Sexual Exploitation and Abuse AI,Rotating domains,Unknown,Undress photos instantly,Generate fake nude images,Women and girls,Fake nude images,Non-consensual sexual images,Allows users to undress photos of any woman using AI,https://www.bellingcat.com/news/2024/02/23/behind-a-secretive-global-network-of-non-consensual-deepfake-pornography/,Clear case harm is core product,Brian Kang,Criminal AI,"{""gate_1"": true, ""gate_2"": true, ""gate_3"": true}","{""exclusion_1"": false, ""exclusion_2"": false, ""exclusion_3"": false}",True,Nudify
Crush AI,,,Sexual Exploitation and Abuse AI,Rotating domains,Joy Timeline HK Limited,Remove clothes with AI,Generate fake nude images,Women and girls,AI nude deepfake images,Non-consensual sexual images,App used to create non-consensual deepfake intimate images,https://about.fb.com/news/2025/06/taking-action-against-nudify-apps/,Clear strong case harm is core product,Brian Kang,Criminal AI,"{""gate_1"": true, ""gate_2"": true, ""gate_3"": true}","{""exclusion_1"": false, ""exclusion_2"": false, ""exclusion_3"": false}",True,Crush AI
SpyFone,,,Coercive Surveillance and Spyware AI,spyfone.com,Support King LLC,Monitor any phone remotely,Secretly monitor device activity,Device owners victims,Surveillance data logs,Covert surveillance and stalking,Sold apps that secretly monitor victims without consent,https://www.ftc.gov/news-events/news/press-releases/2021/09/ftc-bans-spyfone-ceo-surveillance-business-orders-company-delete-all-secretly-stolen-data,Strong FTC enforcement confirms intentional covert surveillance tool,Brian Kang,Criminal AI,"{""gate_1"": true, ""gate_2"": true, ""gate_3"": true}","{""exclusion_1"": false, ""exclusion_2"": false, ""exclusion_3"": false}",True,SpyFone
MobiStealth,,,Coercive Surveillance and Spyware AI,mobistealth.com,Unknown,Monitor any device remotely,Secretly monitor phone activity,Device owners victims,Surveillance logs and data,Covert surveillance and stalking,Marketed as hidden monitoring software that tracks calls messages and location without user awareness,https://www.ftc.gov/news-events/news/press-releases/2021/09/ftc-bans-spyfone-ceo-surveillance-business-orders-company-delete-all-secretly-stolen-data,Strong case similar to stalkerware ecosystem with covert monitoring intent,Brian Kang,Criminal AI,"{""gate_1"": true, ""gate_2"": true, ""gate_3"": true}","{""exclusion_1"": false, ""exclusion_2"": false, ""exclusion_3"": false}",True,MobiStealth
pcTattletale,,,Coercive Surveillance and Spyware AI,pctattletale.com,Bryan Fleming,Catch a cheater,Secretly monitor devices,Spouses and partners,Screenshots and activity logs,Covert surveillance and stalking,Marketed for secretly spying on partners and capturing private data without consent,https://www.malwarebytes.com/blog/news/2026/01/pctattletale-founder-pleads-guilty-as-us-cracks-down-on-stalkerware,Explicit marketing for spying on partners makes intent clear,Brian Kang,Criminal AI,"{""gate_1"": true, ""gate_2"": true, ""gate_3"": true}","{""exclusion_1"": false, ""exclusion_2"": false, ""exclusion_3"": false}",True,pcTattletale
Pegasus,,,Coercive Surveillance and Spyware AI,No public retail URL,NSO Group,Investigate terrorism and crime,Government surveillance operations,Journalists activists politicians,Full device surveillance data,Mass surveillance and rights violations,Used globally to target journalists activists and political figures,https://www.amnesty.org/en/latest/research/2021/07/forensic-methodology-report-how-to-catch-nso-groups-pegasus/,Clear institutional tool with strong evidence of abuse but not designed solely for harm,Brian Kang,Controversial Institutional AI,"{""gate_1"": false, ""gate_2"": false, ""gate_3"": true}","{""exclusion_1"": false, ""exclusion_2"": true, ""exclusion_3"": true}",False,Pegasus
Corsight AI,,,Coercive Surveillance and Spyware AI,corsight.ai,Corsight AI,Facial intelligence for security,Facial recognition for policing and surveillance,Civilians suspects populations,Real-time facial recognition identification,Mass surveillance and rights concerns,Used in large-scale facial recognition programs raising concerns about privacy and misidentification,https://www.business-humanrights.org/en/latest-news/report-reveals-google-corsights-technologies-role-in-israels-expansive-facial-recognition-program-in-gaza/,Institutional tool with strong rights concerns but not designed solely for harm,Brian Kang,Controversial Institutional AI,"{""gate_1"": false, ""gate_2"": false, ""gate_3"": true}","{""exclusion_1"": false, ""exclusion_2"": true, ""exclusion_3"": true}",False,Corsight AI
SenseTime,,,Coercive Surveillance and Spyware AI,sensetime.com,SenseTime Group,AI for smart surveillance,Facial recognition for security and policing,Ethnic minorities civilians,Facial recognition identification,Mass surveillance and repression concerns,Accused of enabling surveillance targeting Uyghur minorities,https://www.washingtonpost.com/technology/2021/12/10/us-investment-ban-sensetime/,Strong evidence of surveillance misuse but not designed solely for harm,Brian Kang,Controversial Institutional AI,"{""gate_1"": false, ""gate_2"": false, ""gate_3"": true}","{""exclusion_1"": false, ""exclusion_2"": true, ""exclusion_3"": true}",False,SenseTime
Megvii Face++,,,Coercive Surveillance and Spyware AI,megvii.com,Megvii Technology Limited,Facial recognition for security,Facial recognition for public safety and surveillance,Ethnic minorities civilians,Facial recognition identification,Mass surveillance and repression concerns,Facial recognition tech linked to surveillance of Uyghur population,https://en.wikipedia.org/wiki/Megvii,Major surveillance firm with strong human rights concerns but not explicitly designed solely for harm,Brian Kang,Controversial Institutional AI,"{""gate_1"": false, ""gate_2"": false, ""gate_3"": true}","{""exclusion_1"": false, ""exclusion_2"": true, ""exclusion_3"": true}",False,Megvii Face++
CloudWalk,,,Coercive Surveillance and Spyware AI,cloudwalk.com,CloudWalk Technology Co Ltd,Facial recognition for smart security,Facial recognition and biometric tracking,Ethnic minorities civilians,Facial recognition identification,Mass surveillance and repression concerns,Developed facial recognition used to track ethnic minorities including Uyghurs,https://home.treasury.gov/news/press-releases/jy0538,Strong evidence of surveillance abuse but not designed solely for harm,Brian Kang,Controversial Institutional AI,"{""gate_1"": false, ""gate_2"": false, ""gate_3"": true}","{""exclusion_1"": false, ""exclusion_2"": true, ""exclusion_3"": true}",False,CloudWalk
